{
    "baseline": {
        "basic": {
            "mean": 4.709348964061689,
            "std": 0.39469088614699666
        }
    },
    "binnary binner": {
        "bins 3": {
            "mean": 4.945327574736514,
            "std": 0.32563220949310123
        },
        "bins 5": {
            "mean": 5.076043068119515,
            "std": 0.47364991885754754
        },
        "bins 7": {
            "mean": 5.108732588818279,
            "std": 0.08506497096382518
        },
        "max flag": {
            "mean": 4.804646885234845,
            "std": 0.40755925733791937
        }
    },
    "binner": {
        "bins 3": {
            "mean": 4.8586325138370565,
            "std": 0.09862378318962353
        },
        "bins 5": {
            "mean": 4.774072925117742,
            "std": 0.2600172662172256
        },
        "bins 7": {
            "mean": 4.687106490269418,
            "std": 0.3512337407134324
        },
        "max flag": {
            "mean": 4.804646885234845,
            "std": 0.40755925733791937
        }
    }
}