{
    "baseline": {
        "basic": {
            "mean": 0.4624316341972352,
            "std": 0.007798857439361163
        }
    },
    "binner": {
        "nan, drop": {
            "mean": 0.4535472570163875,
            "std": 0.005056952763994587
        },
        "drop": {
            "mean": 0.4565673455043422,
            "std": 0.004651698134752982
        },
        "nan": {
            "mean": 0.44698247430520105,
            "std": 0.0027474780122524966
        },
        "basic": {
            "mean": 0.4464748286804065,
            "std": 0.0030647365799968
        }
    },
    "binnary binner": {
        "nan, drop": {
            "mean": 0.4565545920203829,
            "std": 0.005341764288332258
        },
        "drop": {
            "mean": 0.4562118616563023,
            "std": 0.004737984914723237
        },
        "nan": {
            "mean": 0.44936712492613573,
            "std": 0.0034072667614986375
        },
        "basic": {
            "mean": 0.44836532703090826,
            "std": 0.0022873527051151745
        }
    }
}