{
    "baseline": {
        "basic": {
            "mean": 47182.49447964202,
            "std": 17655.997186284058
        }
    },
    "binnary binner": {
        "bins 3": {
            "mean": 34208.61735455655,
            "std": 1289.2802329377023
        },
        "bins 7": {
            "mean": 40110.0133446972,
            "std": 5294.021841233091
        },
        "max flag": {
            "mean": 30888.25749411051,
            "std": 2565.1786684810468
        }
    },
    "binner": {
        "bins 3": {
            "mean": 43200.9935670919,
            "std": 10107.76080159614
        },
        "bins 7": {
            "mean": 36934.98781140282,
            "std": 2403.3523761325946
        },
        "max flag": {
            "mean": 30888.25749411051,
            "std": 2565.1786684810468
        }
    }
}