{
    "baseline": {
        "basic": {
            "mean": 0.16227685103892306,
            "std": 0.042597550837761594
        }
    },
    "binnary binner": {
        "bins 3": {
            "mean": 0.17705589698565996,
            "std": 0.04076676496744218
        },
        "bins 5": {
            "mean": 0.1922007609013755,
            "std": 0.02155807223591372
        },
        "bins 7": {
            "mean": 0.20676031606672518,
            "std": 0.030969726654611784
        },
        "max flag": {
            "mean": 0.16725197541703252,
            "std": 0.03590178624496993
        }
    },
    "binner": {
        "bins 3": {
            "mean": 0.16235001463271878,
            "std": 0.030955896097968696
        },
        "bins 5": {
            "mean": 0.17208077260755048,
            "std": 0.04928761490767068
        },
        "bins 7": {
            "mean": 0.16235001463271878,
            "std": 0.030955896097968696
        },
        "max flag": {
            "mean": 0.16725197541703252,
            "std": 0.03590178624496993
        }
    }
}