{
    "baseline": {
        "basic": {
            "mean": 0.4650255388243754,
            "std": 0.011221783171116256
        }
    },
    "binnary binner": {
        "bins 3": {
            "mean": 0.4622023383693726,
            "std": 0.006036709141053574
        },
        "bins 5": {
            "mean": 0.45946140861763035,
            "std": 0.005287836693989634
        },
        "bins 7": {
            "mean": 0.4562797534731209,
            "std": 0.008354899917363379
        },
        "max flag": {
            "mean": 0.46660751794710437,
            "std": 0.004596572349033166
        }
    },
    "binner": {
        "bins 3": {
            "mean": 0.46393921674033,
            "std": 0.005623790979809933
        },
        "bins 5": {
            "mean": 0.4677207834969192,
            "std": 0.005286298238649813
        },
        "bins 7": {
            "mean": 0.46928667999905355,
            "std": 0.0072565755163621565
        },
        "max flag": {
            "mean": 0.46660751794710437,
            "std": 0.004596572349033166
        }
    }
}