{
    "baseline": {
        "basic": {
            "mean": 0.46284610400671705,
            "std": 0.008331784161885685
        }
    },
    "binner": {
        "nan, drop": {
            "mean": 0.45315798767065557,
            "std": 0.0050852969284174866
        },
        "drop": {
            "mean": 0.45711662268554815,
            "std": 0.005458808615350095
        },
        "nan": {
            "mean": 0.44990322799732696,
            "std": 0.005239923647024537
        },
        "basic": {
            "mean": 0.44912406399921284,
            "std": 0.0029021044447920235
        }
    },
    "binnary binner": {
        "nan, drop": {
            "mean": 0.4570978403079231,
            "std": 0.005567710111650292
        },
        "drop": {
            "mean": 0.4574763375136879,
            "std": 0.005194307728405143
        },
        "nan": {
            "mean": 0.44938205217407035,
            "std": 0.0026744321510427556
        },
        "basic": {
            "mean": 0.4496077469035593,
            "std": 0.0028254416810517056
        }
    }
}