{
    "base": {
        "0": {
            "mean": 6.444396786050433,
            "std": 0.43765452565374446
        },
        "mn": {
            "mean": 5.596785746777418,
            "std": 0.7306172323472618
        }
    },
    "LinearRegression": {
        "0": {
            "mean": 5.773627111514972,
            "std": 0.29156478426493065
        },
        "mn": {
            "mean": 5.834613196601239,
            "std": 0.6336273176637323
        },
        "0 nan": {
            "mean": 5.551005661092905,
            "std": 0.43096680618430216
        },
        "mn nan": {
            "mean": 5.68020302023213,
            "std": 0.6936951806702805
        }
    },
    "RandomForestRegressor": {
        "0": {
            "mean": 5.510517034170737,
            "std": 0.7107536715894451
        },
        "mn": {
            "mean": 5.563610305173026,
            "std": 0.6895121390207284
        },
        "0 nan": {
            "mean": 5.460881905358828,
            "std": 0.741406028042095
        },
        "mn nan": {
            "mean": 5.361844227428567,
            "std": 0.6634106786242406
        }
    },
    "DecisionTreeRegressor": {
        "0": {
            "mean": 5.485674929784417,
            "std": 0.5053404417638743
        },
        "mn": {
            "mean": 5.8323743302587525,
            "std": 0.756701098632284
        },
        "0 nan": {
            "mean": 5.302387191962292,
            "std": 0.5127807315203572
        },
        "mn nan": {
            "mean": 5.649420913742529,
            "std": 0.7231674011289192
        }
    }
}