{
    "0": {
        "basic": {
            "mean": 0.20697980684811237,
            "std": 0.021615106240755338
        }
    },
    "mn": {
        "basic": {
            "mean": 0.19724904887328065,
            "std": 0.031743726469247606
        }
    },
    "d.tree 0": {
        "max depth=None": {
            "mean": 0.20207784606379867,
            "std": 0.0195411179747763
        },
        "max depth=2": {
            "mean": 0.21202809482001753,
            "std": 0.03803001097751208
        },
        "max depth=4": {
            "mean": 0.21202809482001753,
            "std": 0.03803001097751208
        },
        "max depth=8": {
            "mean": 0.19724904887328068,
            "std": 0.037949836912844606
        },
        "max depth=16": {
            "mean": 0.19732221246707637,
            "std": 0.057940854802648725
        },
        "max depth=32": {
            "mean": 0.19732221246707637,
            "std": 0.057940854802648725
        }
    },
    "d.tree mn": {
        "max depth=None": {
            "mean": 0.21202809482001753,
            "std": 0.03803001097751208
        },
        "max depth=2": {
            "mean": 0.2169300556043313,
            "std": 0.039727359839738914
        },
        "max depth=4": {
            "mean": 0.2070529704419081,
            "std": 0.032875945065505535
        },
        "max depth=8": {
            "mean": 0.22190517998244075,
            "std": 0.044653653959660894
        },
        "max depth=16": {
            "mean": 0.21202809482001753,
            "std": 0.03803001097751208
        },
        "max depth=32": {
            "mean": 0.20207784606379864,
            "std": 0.028537365737944697
        }
    },
    "d.tree 0 nan": {
        "max depth=None": {
            "mean": 0.1872988001170618,
            "std": 0.028481601321830537
        },
        "max depth=2": {
            "mean": 0.19717588527948493,
            "std": 0.026095311419952544
        },
        "max depth=4": {
            "mean": 0.1873719637108575,
            "std": 0.02650441439009494
        },
        "max depth=8": {
            "mean": 0.18239683933274806,
            "std": 0.01971592564887932
        },
        "max depth=16": {
            "mean": 0.20207784606379864,
            "std": 0.01541687304606315
        },
        "max depth=32": {
            "mean": 0.19724904887328068,
            "std": 0.029385180839476065
        }
    },
    "d.tree mn nan": {
        "max depth=None": {
            "mean": 0.19717588527948493,
            "std": 0.03546359466899958
        },
        "max depth=2": {
            "mean": 0.19717588527948493,
            "std": 0.026095311419952544
        },
        "max depth=4": {
            "mean": 0.19724904887328068,
            "std": 0.037949836912844606
        },
        "max depth=8": {
            "mean": 0.20705297044190815,
            "std": 0.04244648807473506
        },
        "max depth=16": {
            "mean": 0.20200468247000294,
            "std": 0.030417934600508376
        },
        "max depth=32": {
            "mean": 0.18239683933274806,
            "std": 0.01971592564887932
        }
    }
}