{
    "zero": {
        "basic": {
            "mean": 0.46218992758448946,
            "std": 0.007491741101338128
        },
        "nan flag": {
            "mean": 0.45371054749446316,
            "std": 0.006056741902062051
        }
    },
    "median": {
        "basic": {
            "mean": 0.4540230427349874,
            "std": 0.007725224596105408
        },
        "nan flag": {
            "mean": 0.4557266351924265,
            "std": 0.005350873570480833
        }
    },
    "mean": {
        "basic": {
            "mean": 0.4534257966486585,
            "std": 0.007031312581294951
        },
        "nan flag": {
            "mean": 0.4555713792825465,
            "std": 0.005445319388191034
        }
    }
}
