{
    "zero": {
        "basic": {
            "mean": 47182.4944796439,
            "std": 17655.997186277502
        },
        "nan flag": {
            "mean": 47315.612612150144,
            "std": 17912.775075060552
        }
    },
    "median": {
        "basic": {
            "mean": 47286.77685941948,
            "std": 17895.9491787159
        }
    },
    "mean": {
        "basic": {
            "mean": 47292.200753230056,
            "std": 17891.35946194634
        }
    }
}
