{
    "zero": {
        "basic": {
            "mean": 0.20697980684811237,
            "std": 0.021615106240755338
        },
        "nan flag": {
            "mean": 0.20712613403570382,
            "std": 0.037555521940016726
        }
    },
    "median": {
        "basic": {
            "mean": 0.19724904887328065,
            "std": 0.031743726469247606
        },
        "nan flag": {
            "mean": 0.20712613403570382,
            "std": 0.037555521940016726
        }
    },
    "mean": {
        "basic": {
            "mean": 0.19732221246707637,
            "std": 0.043765162897042256
        },
        "nan flag": {
            "mean": 0.20712613403570382,
            "std": 0.037555521940016726
        }
    }
}
