{
    "zero": {
        "basic": {
            "mean": 6.444396786050436,
            "std": 0.437654525653759
        },
        "nan flag": {
            "mean": 5.779532707523894,
            "std": 0.740041852287676
        }
    },
    "median": {
        "basic": {
            "mean": 5.596785746777414,
            "std": 0.7306172323472604
        },
        "nan flag": {
            "mean": 5.779532707523899,
            "std": 0.7400418522876733
        }
    },
    "mean": {
        "basic": {
            "mean": 5.628588388904837,
            "std": 0.7598452792876412
        },
        "nan flag": {
            "mean": 5.779532707523924,
            "std": 0.7400418522876825
        }
    }
}
