{
    "0": {
        "basic": {
            "mean": 6.444396786050439,
            "std": 0.4376545256537499
        }
    },
    "mn": {
        "basic": {
            "mean": 5.596785746777434,
            "std": 0.7306172323472494
        }
    },
    "d.tree 0": {
        "max depth=None": {
            "mean": 5.579576904925165,
            "std": 0.55165235696596
        },
        "max depth=2": {
            "mean": 5.464958471387221,
            "std": 0.6407450892579493
        },
        "max depth=4": {
            "mean": 5.44688241967312,
            "std": 0.5901249327004591
        },
        "max depth=8": {
            "mean": 5.58794737772256,
            "std": 0.649276631791295
        },
        "max depth=16": {
            "mean": 5.5616651783234206,
            "std": 0.5380534495688679
        },
        "max depth=32": {
            "mean": 5.530313459734262,
            "std": 0.4857308598155213
        }
    },
    "d.tree mn": {
        "max depth=None": {
            "mean": 5.823073502981185,
            "std": 0.7321534159790555
        },
        "max depth=2": {
            "mean": 5.481318827495177,
            "std": 0.6234452057999069
        },
        "max depth=4": {
            "mean": 5.543898310451685,
            "std": 0.7993021635450687
        },
        "max depth=8": {
            "mean": 5.785773297879956,
            "std": 0.8392411140139334
        },
        "max depth=16": {
            "mean": 5.822869964419845,
            "std": 0.7766405554727024
        },
        "max depth=32": {
            "mean": 5.7406249944978285,
            "std": 0.6836248166518778
        }
    },
    "d.tree 0 nan": {
        "max depth=None": {
            "mean": 5.347389038522796,
            "std": 0.45038146965490533
        },
        "max depth=2": {
            "mean": 5.300602628785183,
            "std": 0.6521003880269274
        },
        "max depth=4": {
            "mean": 5.281264347441161,
            "std": 0.5154656233075915
        },
        "max depth=8": {
            "mean": 5.365846206434527,
            "std": 0.45808723427993564
        },
        "max depth=16": {
            "mean": 5.345425212547092,
            "std": 0.4793409858554657
        },
        "max depth=32": {
            "mean": 5.297093994136451,
            "std": 0.4368291543008722
        }
    },
    "d.tree mn nan": {
        "max depth=None": {
            "mean": 5.560453815668468,
            "std": 0.6345051183293267
        },
        "max depth=2": {
            "mean": 5.314207205589441,
            "std": 0.6255656104667349
        },
        "max depth=4": {
            "mean": 5.392702901835289,
            "std": 0.6889119846002331
        },
        "max depth=8": {
            "mean": 5.683303815962329,
            "std": 0.719238955414907
        },
        "max depth=16": {
            "mean": 5.632833551979394,
            "std": 0.6770113000910266
        },
        "max depth=32": {
            "mean": 5.6434759005298645,
            "std": 0.6677163531518129
        }
    }
}