{
    "base": {
        "0": {
            "mean": 0.20697980684811237,
            "std": 0.021615106240755338
        },
        "mn": {
            "mean": 0.19724904887328065,
            "std": 0.031743726469247606
        }
    },
    "LinearRegression": {
        "0": {
            "mean": 0.21195493122622186,
            "std": 0.026170281031943594
        },
        "mn": {
            "mean": 0.21195493122622186,
            "std": 0.026170281031943594
        },
        "0 nan": {
            "mean": 0.20697980684811237,
            "std": 0.021615106240755338
        },
        "mn nan": {
            "mean": 0.21195493122622186,
            "std": 0.026170281031943594
        }
    },
    "RandomForestRegressor": {
        "0": {
            "mean": 0.2169300556043313,
            "std": 0.03164746200081938
        },
        "mn": {
            "mean": 0.22190517998244075,
            "std": 0.03764634833826974
        },
        "0 nan": {
            "mean": 0.1922739244951712,
            "std": 0.02537057727114599
        },
        "mn nan": {
            "mean": 0.1922007609013755,
            "std": 0.03227153152968826
        }
    },
    "DecisionTreeRegressor": {
        "0": {
            "mean": 0.2021510096575944,
            "std": 0.031562438562163966
        },
        "mn": {
            "mean": 0.2169300556043313,
            "std": 0.03164746200081938
        },
        "0 nan": {
            "mean": 0.18729880011706176,
            "std": 0.01945959049668328
        },
        "mn nan": {
            "mean": 0.18722563652326604,
            "std": 0.018642508663376738
        }
    }
}