{
    "0": {
        "basic": {
            "mean": 6.444396786050437,
            "std": 0.43765452565373486
        }
    },
    "mn": {
        "basic": {
            "mean": 5.5967857467774165,
            "std": 0.7306172323472581
        }
    },
    "h-deck 0": {
        "k=3": {
            "mean": 5.758786180864587,
            "std": 0.7737052249848693
        },
        "k=5": {
            "mean": 5.83790957642941,
            "std": 0.7925819409111291
        },
        "k=7": {
            "mean": 5.856295349043457,
            "std": 0.8470732970696342
        },
        "k=9": {
            "mean": 5.850379509222601,
            "std": 0.808272687798589
        },
        "k=13": {
            "mean": 5.8788762454353956,
            "std": 0.8089150451533027
        }
    },
    "h-deck mn": {
        "k=3": {
            "mean": 5.781198725195959,
            "std": 0.756746219516787
        },
        "k=5": {
            "mean": 5.843538986682186,
            "std": 0.7914687655988328
        },
        "k=7": {
            "mean": 5.882844245586132,
            "std": 0.75481303289272
        },
        "k=9": {
            "mean": 5.854180569941685,
            "std": 0.724663697564033
        },
        "k=13": {
            "mean": 5.90581408955931,
            "std": 0.7323313194691924
        }
    },
    "h-deck 0 nan": {
        "k=3": {
            "mean": 5.587602494326846,
            "std": 0.7392980118607906
        },
        "k=5": {
            "mean": 5.665857327005544,
            "std": 0.7840276346897911
        },
        "k=7": {
            "mean": 5.657246493017785,
            "std": 0.8316520068042894
        },
        "k=9": {
            "mean": 5.655647459480499,
            "std": 0.8203198456868226
        },
        "k=13": {
            "mean": 5.638313475911211,
            "std": 0.8257510904315316
        }
    },
    "h-deck mn nan": {
        "k=3": {
            "mean": 5.599201814621971,
            "std": 0.7539497451399296
        },
        "k=5": {
            "mean": 5.651265793108241,
            "std": 0.7777382776808752
        },
        "k=7": {
            "mean": 5.6271608503843344,
            "std": 0.7660331817333279
        },
        "k=9": {
            "mean": 5.629040586192999,
            "std": 0.7459614311229285
        },
        "k=13": {
            "mean": 5.642718571261011,
            "std": 0.7604872990265759
        }
    }
}