{
    "0": {
        "basic": {
            "mean": 0.20697980684811237,
            "std": 0.021615106240755338
        }
    },
    "mn": {
        "basic": {
            "mean": 0.19724904887328065,
            "std": 0.031743726469247606
        }
    },
    "h-knn 0": {
        "k=1": {
            "mean": 0.2071992976294996,
            "std": 0.049650865358116865
        },
        "k=3": {
            "mean": 0.2168568920105356,
            "std": 0.028593395816386855
        },
        "k=5": {
            "mean": 0.21202809482001753,
            "std": 0.03803001097751208
        },
        "k=7": {
            "mean": 0.21202809482001753,
            "std": 0.03803001097751208
        },
        "k=9": {
            "mean": 0.22190517998244075,
            "std": 0.03764634833826974
        }
    },
    "h-knn mn": {
        "k=1": {
            "mean": 0.2121012584138133,
            "std": 0.04385948447821086
        },
        "k=3": {
            "mean": 0.20207784606379867,
            "std": 0.0195411179747763
        },
        "k=5": {
            "mean": 0.19717588527948493,
            "std": 0.019814505891717536
        },
        "k=7": {
            "mean": 0.20712613403570382,
            "std": 0.037555521940016726
        },
        "k=9": {
            "mean": 0.2169300556043313,
            "std": 0.03164746200081938
        }
    },
    "h-knn 0 nan": {
        "k=1": {
            "mean": 0.19724904887328068,
            "std": 0.037949836912844606
        },
        "k=3": {
            "mean": 0.21195493122622186,
            "std": 0.026170281031943594
        },
        "k=5": {
            "mean": 0.2022241732513901,
            "std": 0.043625629521020746
        },
        "k=7": {
            "mean": 0.19724904887328068,
            "std": 0.037949836912844606
        },
        "k=9": {
            "mean": 0.19724904887328068,
            "std": 0.037949836912844606
        }
    },
    "h-knn mn nan": {
        "k=1": {
            "mean": 0.19724904887328068,
            "std": 0.037949836912844606
        },
        "k=3": {
            "mean": 0.1922007609013755,
            "std": 0.02155807223591372
        },
        "k=5": {
            "mean": 0.17742171495463857,
            "std": 0.021501384860153343
        },
        "k=7": {
            "mean": 0.18751829089844893,
            "std": 0.05016451551391694
        },
        "k=9": {
            "mean": 0.18751829089844893,
            "std": 0.05016451551391694
        }
    }
}