{
    "0": {
        "basic": {
            "mean": 0.20697980684811237,
            "std": 0.021615106240755338
        }
    },
    "mn": {
        "basic": {
            "mean": 0.19724904887328065,
            "std": 0.031743726469247606
        }
    },
    "h-deck 0": {
        "k=3": {
            "mean": 0.21202809482001753,
            "std": 0.03803001097751208
        },
        "k=5": {
            "mean": 0.20207784606379867,
            "std": 0.0195411179747763
        },
        "k=7": {
            "mean": 0.2121012584138133,
            "std": 0.04385948447821086
        },
        "k=9": {
            "mean": 0.19724904887328068,
            "std": 0.037949836912844606
        },
        "k=13": {
            "mean": 0.2169300556043313,
            "std": 0.03164746200081938
        }
    },
    "h-deck mn": {
        "k=3": {
            "mean": 0.21202809482001753,
            "std": 0.03803001097751208
        },
        "k=5": {
            "mean": 0.19717588527948493,
            "std": 0.026095311419952544
        },
        "k=7": {
            "mean": 0.21202809482001758,
            "std": 0.03183953177093837
        },
        "k=9": {
            "mean": 0.217003219198127,
            "std": 0.04371204818193583
        },
        "k=13": {
            "mean": 0.21202809482001753,
            "std": 0.03803001097751208
        }
    },
    "h-deck 0 nan": {
        "k=3": {
            "mean": 0.1922739244951712,
            "std": 0.02537057727114599
        },
        "k=5": {
            "mean": 0.19732221246707637,
            "std": 0.043765162897042256
        },
        "k=7": {
            "mean": 0.1922739244951712,
            "std": 0.02537057727114599
        },
        "k=9": {
            "mean": 0.20222417325139008,
            "std": 0.03834931028777786
        },
        "k=13": {
            "mean": 0.2070529704419081,
            "std": 0.032875945065505535
        }
    },
    "h-deck mn nan": {
        "k=3": {
            "mean": 0.19234708808896694,
            "std": 0.03746476110712091
        },
        "k=5": {
            "mean": 0.19732221246707637,
            "std": 0.043765162897042256
        },
        "k=7": {
            "mean": 0.19227392449517122,
            "std": 0.032805367588677956
        },
        "k=9": {
            "mean": 0.1922007609013755,
            "std": 0.02155807223591372
        },
        "k=13": {
            "mean": 0.1874451273046532,
            "std": 0.04353928522147176
        }
    }
}