{
    "0": {
        "basic": {
            "mean": 6.4443967860504365,
            "std": 0.4376545256537494
        }
    },
    "mn": {
        "basic": {
            "mean": 5.596785746777414,
            "std": 0.7306172323472475
        }
    },
    "h-knn 0": {
        "k=1": {
            "mean": 5.912107832724249,
            "std": 0.5995882704873864
        },
        "k=3": {
            "mean": 5.810485681970171,
            "std": 0.7862338143345794
        },
        "k=5": {
            "mean": 5.761019881662711,
            "std": 0.8517149323517157
        },
        "k=7": {
            "mean": 5.853335936995141,
            "std": 0.8890882923865396
        },
        "k=9": {
            "mean": 5.8409140986834815,
            "std": 0.8470463213408979
        }
    },
    "h-knn mn": {
        "k=1": {
            "mean": 6.073699053027525,
            "std": 0.68176553148395
        },
        "k=3": {
            "mean": 5.855994642127953,
            "std": 0.8809879774019183
        },
        "k=5": {
            "mean": 5.850023736846903,
            "std": 0.8628163982737803
        },
        "k=7": {
            "mean": 5.776504121306296,
            "std": 0.8292653946427645
        },
        "k=9": {
            "mean": 5.763953702475194,
            "std": 0.8464159641255149
        }
    },
    "h-knn 0 nan": {
        "k=1": {
            "mean": 5.69060865223567,
            "std": 0.672785364726453
        },
        "k=3": {
            "mean": 5.6149031027215655,
            "std": 0.8014694789223442
        },
        "k=5": {
            "mean": 5.528210512243873,
            "std": 0.8675380375496704
        },
        "k=7": {
            "mean": 5.621377351851152,
            "std": 0.8867841669974265
        },
        "k=9": {
            "mean": 5.613146482321267,
            "std": 0.8507655556436433
        }
    },
    "h-knn mn nan": {
        "k=1": {
            "mean": 5.799558782755853,
            "std": 0.8403688704501817
        },
        "k=3": {
            "mean": 5.648638525144404,
            "std": 0.9203359669688377
        },
        "k=5": {
            "mean": 5.637093129227384,
            "std": 0.9053879167949245
        },
        "k=7": {
            "mean": 5.560711459602206,
            "std": 0.8477899223762911
        },
        "k=9": {
            "mean": 5.55114303815812,
            "std": 0.8546811993636687
        }
    }
}