{
    "": {
        "LinearRegression": {
            "mean": 6.444396786050436,
            "std": 0.437654525653759
        },
        "DecisionTreeRegressor": {
            "mean": 6.204155202769854,
            "std": 0.14364239428347775
        },
        "KNeighborsRegressor": {
            "mean": 8.830947129155065,
            "std": 0.9156611545340918
        }
    },
    "nan": {
        "LinearRegression": {
            "mean": 5.779532707523894,
            "std": 0.740041852287676
        },
        "DecisionTreeRegressor": {
            "mean": 6.137548230816637,
            "std": 0.16061268278536964
        },
        "KNeighborsRegressor": {
            "mean": 8.833332914568338,
            "std": 0.9176892471839331
        }
    },
    "median": {
        "LinearRegression": {
            "mean": 5.596785746777414,
            "std": 0.7306172323472604
        },
        "DecisionTreeRegressor": {
            "mean": 6.075564211590577,
            "std": 0.5457444480605803
        }
    },
    "median, nan": {
        "LinearRegression": {
            "mean": 5.779532707523899,
            "std": 0.7400418522876733
        },
        "DecisionTreeRegressor": {
            "mean": 6.1934445584418185,
            "std": 0.3663831064819265
        },
        "KNeighborsRegressor": {
            "mean": 7.6624859259010405,
            "std": 1.235760621340659
        }
    },
    "mean": {
        "LinearRegression": {
            "mean": 5.628588388904837,
            "std": 0.7598452792876412
        },
        "DecisionTreeRegressor": {
            "mean": 6.019880533637273,
            "std": 0.696310463604515
        }
    },
    "mean, nan": {
        "LinearRegression": {
            "mean": 5.779532707523924,
            "std": 0.7400418522876825
        },
        "DecisionTreeRegressor": {
            "mean": 6.016294843911741,
            "std": 0.48245417159421544
        },
        "KNeighborsRegressor": {
            "mean": 7.767046105056548,
            "std": 0.7480528497053647
        }
    }
}