{
    "": {
        "LogisticRegression": {
            "mean": 0.20697980684811237,
            "std": 0.021615106240755338
        },
        "DecisionTreeClassifier": {
            "mean": 0.21188176763242614,
            "std": 0.008484453622665597
        },
        "KNeighborsClassifier": {
            "mean": 0.40364354697102717,
            "std": 0.04632555605617992
        }
    },
    "nan": {
        "LogisticRegression": {
            "mean": 0.20712613403570382,
            "std": 0.037555521940016726
        },
        "DecisionTreeClassifier": {
            "mean": 0.2464149839040094,
            "std": 0.015727279885916746
        },
        "KNeighborsClassifier": {
            "mean": 0.40364354697102717,
            "std": 0.04632555605617992
        }
    },
    "median": {
        "LogisticRegression": {
            "mean": 0.19724904887328065,
            "std": 0.031743726469247606
        },
        "DecisionTreeClassifier": {
            "mean": 0.2663154814164472,
            "std": 0.04548434167283436
        },
        "KNeighborsClassifier": {
            "mean": 0.3794263974246415,
            "std": 0.02922681824116492
        }
    },
    "median, nan": {
        "LogisticRegression": {
            "mean": 0.20712613403570382,
            "std": 0.037555521940016726
        },
        "DecisionTreeClassifier": {
            "mean": 0.2713637693883524,
            "std": 0.061701596257310413
        },
        "KNeighborsClassifier": {
            "mean": 0.3794263974246415,
            "std": 0.02922681824116492
        }
    },
    "mean": {
        "LogisticRegression": {
            "mean": 0.19732221246707637,
            "std": 0.043765162897042256
        },
        "DecisionTreeClassifier": {
            "mean": 0.28592332455370206,
            "std": 0.038432550992980506
        },
        "KNeighborsClassifier": {
            "mean": 0.40883816213052393,
            "std": 0.012700576122697647
        }
    },
    "mean, nan": {
        "LogisticRegression": {
            "mean": 0.20712613403570382,
            "std": 0.037555521940016726
        },
        "DecisionTreeClassifier": {
            "mean": 0.24663447468539657,
            "std": 0.04761359421941064
        },
        "KNeighborsClassifier": {
            "mean": 0.40883816213052393,
            "std": 0.012700576122697647
        }
    }
}