{
    "base": {
        "None": {
            "mean": 30591.946903167358,
            "std": 9074.602017061508
        }
    },
    "d. tree": {
        "None": {
            "mean": 27324.358312368113,
            "std": 2417.206174607375
        },
        "max depth=4": {
            "mean": 29679.409710521293,
            "std": 3042.2071960710987
        },
        "max depth=8": {
            "mean": 27951.736602277662,
            "std": 3404.609620668962
        },
        "max depth=16": {
            "mean": 27474.857823008693,
            "std": 2467.4376585241926
        }
    },
    "rand. forest": {
        "None": {
            "mean": 29496.98851497437,
            "std": 3471.5435250991673
        },
        "max depth=4": {
            "mean": 28858.38932878102,
            "std": 1917.8696745457444
        },
        "max depth=8": {
            "mean": 28706.300408157334,
            "std": 2815.6162557177217
        },
        "max depth=16": {
            "mean": 27948.019540455123,
            "std": 2929.9762729030836
        }
    },
    "xgb": {
        "None": {
            "mean": 28639.897997969383,
            "std": 4110.730208121062
        },
        "max depth=4": {
            "mean": 27473.351899176545,
            "std": 2697.1541561536737
        },
        "max depth=8": {
            "mean": 32492.39541793969,
            "std": 5688.371498804283
        },
        "max depth=16": {
            "mean": 28072.395941587096,
            "std": 2163.576455467183
        }
    },
    "Lasso": {
        "alpha=0.0001": {
            "mean": 33166.75882251154,
            "std": 7230.520683855829
        },
        "alpha=0.001": {
            "mean": 33166.75882251154,
            "std": 7230.520683855829
        }
    }
}