{
    "base": {
        "None": {
            "mean": 4.691156076259545,
            "std": 0.4207718215338841
        }
    },
    "d. tree": {
        "None": {
            "mean": 5.210539075230318,
            "std": 0.4928845329804767
        },
        "max_depth=4": {
            "mean": 5.210539075230318,
            "std": 0.4928845329804767
        },
        "max_depth=8": {
            "mean": 5.210539075230318,
            "std": 0.4928845329804767
        },
        "max_depth=16": {
            "mean": 5.210539075230318,
            "std": 0.4928845329804767
        }
    },
    "rand. forest": {
        "None": {
            "mean": 5.30080354707984,
            "std": 0.5622375745952034
        },
        "max_depth=4": {
            "mean": 5.230076628434263,
            "std": 0.562799669105007
        },
        "max_depth=8": {
            "mean": 5.26884041129256,
            "std": 0.5049798252967799
        },
        "max_depth=16": {
            "mean": 5.230076628434263,
            "std": 0.562799669105007
        }
    },
    "xgb": {
        "None": {
            "mean": 5.062356976126781,
            "std": 0.41522456117285933
        },
        "max_depth=4": {
            "mean": 4.9754630804587965,
            "std": 0.35081482428509586
        },
        "max_depth=8": {
            "mean": 4.890526106763522,
            "std": 0.3987928363649839
        },
        "max_depth=16": {
            "mean": 4.958521593251414,
            "std": 0.3673412570414074
        }
    },
    "Lasso": {
        "alpha=0.0001": {
            "mean": 4.691156076259542,
            "std": 0.42077182153388626
        },
        "alpha=0.001": {
            "mean": 4.691156076259545,
            "std": 0.4207718215338841
        },
        "alpha=0.01": {
            "mean": 4.71407950034663,
            "std": 0.39142373642775147
        }
    },
    "Ridge": {
        "alpha=0.001": {
            "mean": 5.93583394787348,
            "std": 0.7029274266415112
        },
        "alpha=0.01": {
            "mean": 5.93583394787348,
            "std": 0.7029274266415112
        },
        "alpha=0.1": {
            "mean": 5.93583394787348,
            "std": 0.7029274266415112
        }
    },
    "+f, base": {
        "None": {
            "mean": 4.0387283167594195,
            "std": 0.612726462362256
        }
    },
    "+f, d. tree": {
        "None": {
            "mean": 4.585897997168655,
            "std": 0.6653045328615105
        },
        "max_depth=4": {
            "mean": 4.434736539514354,
            "std": 0.5082669183511347
        },
        "max_depth=8": {
            "mean": 4.60513371599218,
            "std": 0.41041561760150236
        },
        "max_depth=16": {
            "mean": 4.653679469135817,
            "std": 0.6349960275018087
        }
    },
    "+f, rand. forest": {
        "None": {
            "mean": 4.1503084758355495,
            "std": 0.5477132822013251
        },
        "max_depth=4": {
            "mean": 4.25651452259067,
            "std": 0.38372266372386554
        },
        "max_depth=8": {
            "mean": 4.341322076595606,
            "std": 0.4613815020714726
        },
        "max_depth=16": {
            "mean": 4.337226890955003,
            "std": 0.5659798643853499
        }
    },
    "+f, xgb": {
        "None": {
            "mean": 3.587175928665883,
            "std": 0.2691110697445086
        },
        "max_depth=4": {
            "mean": 3.5276637972147156,
            "std": 0.39464221216460743
        },
        "max_depth=8": {
            "mean": 3.723233179750751,
            "std": 0.3131865238900012
        },
        "max_depth=16": {
            "mean": 3.604686447370618,
            "std": 0.30050109298704025
        }
    },
    "+f, Lasso": {
        "alpha=0.0001": {
            "mean": 3.9378453899141546,
            "std": 0.7126304100846643
        },
        "alpha=0.001": {
            "mean": 3.304337826364731,
            "std": 0.12324671780226805
        },
        "alpha=0.01": {
            "mean": 3.4392096728282104,
            "std": 0.3463418101798548
        }
    },
    "+f, Ridge": {
        "alpha=0.001": {
            "mean": 4.334134198177563,
            "std": 0.21670919108322662
        },
        "alpha=0.01": {
            "mean": 4.269292646211502,
            "std": 0.20220802802440288
        },
        "alpha=0.1": {
            "mean": 4.572978977446736,
            "std": 0.39112965388561455
        }
    }
}