{
    "base": {
        "None": {
            "mean": 0.15256097560975612,
            "std": 0.017118406971089368
        }
    },
    "d. tree": {
        "None": {
            "mean": 0.1770731707317073,
            "std": 0.0469307842763149
        },
        "max_depth=4": {
            "mean": 0.1770731707317073,
            "std": 0.0469307842763149
        },
        "max_depth=8": {
            "mean": 0.1770731707317073,
            "std": 0.0469307842763149
        },
        "max_depth=16": {
            "mean": 0.1721951219512195,
            "std": 0.03751977467908176
        }
    },
    "rand. forest": {
        "None": {
            "mean": 0.1821951219512195,
            "std": 0.024531299435473452
        },
        "max_depth=4": {
            "mean": 0.14743902439024392,
            "std": 0.029602763669878983
        },
        "max_depth=8": {
            "mean": 0.1721951219512195,
            "std": 0.020192411742262602
        },
        "max_depth=16": {
            "mean": 0.1673170731707317,
            "std": 0.03576644444843582
        }
    },
    "xgb": {
        "None": {
            "mean": 0.1526829268292683,
            "std": 0.032185881896512884
        },
        "max_depth=4": {
            "mean": 0.16243902439024388,
            "std": 0.04205743785021487
        },
        "max_depth=8": {
            "mean": 0.16243902439024388,
            "std": 0.04205743785021487
        },
        "max_depth=16": {
            "mean": 0.16243902439024388,
            "std": 0.04205743785021487
        }
    },
    "Lasso": {
        "alpha=0.0001": {
            "mean": 0.1426829268292683,
            "std": 0.023189979168789704
        },
        "alpha=0.001": {
            "mean": 0.1426829268292683,
            "std": 0.023189979168789704
        },
        "alpha=0.01": {
            "mean": 0.1426829268292683,
            "std": 0.023189979168789704
        }
    },
    "Ridge": {
        "alpha=0.001": {
            "mean": 0.1523170731707317,
            "std": 0.03462297999313458
        },
        "alpha=0.01": {
            "mean": 0.1523170731707317,
            "std": 0.03462297999313458
        },
        "alpha=0.1": {
            "mean": 0.1523170731707317,
            "std": 0.03462297999313458
        }
    },
    "+f, base": {
        "None": {
            "mean": 0.2165853658536585,
            "std": 0.027177342979871476
        }
    },
    "+f, d. tree": {
        "None": {
            "mean": 0.18682926829268293,
            "std": 0.03820325116743397
        },
        "max_depth=4": {
            "mean": 0.1820731707317073,
            "std": 0.05440118013207109
        },
        "max_depth=8": {
            "mean": 0.19182926829268293,
            "std": 0.05187673579587692
        },
        "max_depth=16": {
            "mean": 0.1770731707317073,
            "std": 0.04155227207618898
        }
    },
    "+f, rand. forest": {
        "None": {
            "mean": 0.19182926829268293,
            "std": 0.04112415004392451
        },
        "max_depth=4": {
            "mean": 0.1575609756097561,
            "std": 0.03342798380294988
        },
        "max_depth=8": {
            "mean": 0.19658536585365854,
            "std": 0.05897397564763869
        },
        "max_depth=16": {
            "mean": 0.2165853658536585,
            "std": 0.05140269218466141
        }
    },
    "+f, xgb": {
        "None": {
            "mean": 0.21634146341463417,
            "std": 0.055272834721765945
        },
        "max_depth=4": {
            "mean": 0.17743902439024392,
            "std": 0.011400971602458738
        },
        "max_depth=8": {
            "mean": 0.19682926829268296,
            "std": 0.047964826990175846
        },
        "max_depth=16": {
            "mean": 0.19682926829268296,
            "std": 0.047964826990175846
        }
    },
    "+f, Lasso": {
        "alpha=0.0001": {
            "mean": 0.20158536585365852,
            "std": 0.05556962608519214
        },
        "alpha=0.001": {
            "mean": 0.20158536585365852,
            "std": 0.05556962608519214
        },
        "alpha=0.01": {
            "mean": 0.20158536585365852,
            "std": 0.05556962608519214
        }
    },
    "+f, Ridge": {
        "alpha=0.001": {
            "mean": 0.14756097560975612,
            "std": 0.025858260059899673
        },
        "alpha=0.01": {
            "mean": 0.1425609756097561,
            "std": 0.02728111745187436
        },
        "alpha=0.1": {
            "mean": 0.14743902439024392,
            "std": 0.029602763669878983
        }
    }
}