{
    "baseline": {
        "clipped": {
            "mean": 36970.64381572407,
            "std": 3909.4386031828135
        },
        "not clipped": {
            "mean": 47182.49447963914,
            "std": 17655.997186283854
        }
    },
    "clip-baseline": {
        "clipped": {
            "mean": 32546.467684923427,
            "std": 4811.882788333743
        },
        "not clipped": {
            "mean": 31000.46116875536,
            "std": 3194.213473568292
        }
    },
    "remove-baseline": {
        "clipped": {
            "mean": 31051.56710088384,
            "std": 4044.5864722760984
        },
        "not clipped": {
            "mean": 32321.853606750392,
            "std": 4268.07645793483
        }
    }
}