{
    "baseline": {
        "clipped": {
            "mean": 4.6998046615742775,
            "std": 0.3828039995321691
        },
        "not clipped": {
            "mean": 4.709348964061689,
            "std": 0.39469088614699666
        }
    },
    "clip-baseline": {
        "clipped": {
            "mean": 4.697881456396975,
            "std": 0.3802096295666699
        },
        "not clipped": {
            "mean": 4.707460431999056,
            "std": 0.3923868259800425
        }
    },
    "remove-baseline": {
        "clipped": {
            "mean": 4.646615961404326,
            "std": 0.3118424125214687
        },
        "not clipped": {
            "mean": 4.647882933591307,
            "std": 0.32261703379417156
        }
    }
}