{
    "prudential-baseline": {
        "not clipped": {
            "mean": 0.462520574662635,
            "std": 0.00791258310672522
        },
        "clipped": {
            "mean": 0.468550424219371,
            "std": 0.004240357515167923
        }
    },
    "heart-baseline": {
        "not clipped": {
            "mean": 0.16227685103892306,
            "std": 0.042597550837761594
        },
        "clipped": {
            "mean": 0.16725197541703252,
            "std": 0.03590178624496993
        }
    }
}