{
    "base": {
        "not clipped": {
            "mean": 47182.49447963606,
            "std": 17655.997186277735
        },
        "clipped": {
            "mean": 36970.64381572342,
            "std": 3909.4386031822546
        }
    },
    "robust": {
        "clipped": {
            "mean": 36970.643815722266,
            "std": 3909.4386031743334
        }
    },
    "boxcox": {
        "not clipped": {
            "mean": 40843.85163982793,
            "std": 10355.246244092665
        },
        "clipped": {
            "mean": 34063.31357055635,
            "std": 1181.2859110654722
        }
    },
    "robust, boxcox": {
        "not clipped": {
            "mean": 40843.851639844645,
            "std": 10355.246244080712
        },
        "clipped": {
            "mean": 34063.313570531034,
            "std": 1181.2859110847385
        }
    }
}
