{
    "base": {
        "not clipped": {
            "mean": 47182.49447963606,
            "std": 17655.997186277735
        },
        "clipped": {
            "mean": 36970.64381572342,
            "std": 3909.4386031822546
        }
    },
    "standard": {
        "not clipped": {
            "mean": 1.1316019439286901e+17,
            "std": 8.08242005196598e+16
        },
        "clipped": {
            "mean": 2.0572266240862614e+17,
            "std": 6.5175410040540984e+16
        }
    },
    "robust": {
        "not clipped": {
            "mean": 107284225667.89467,
            "std": 126733210334.59555
        },
        "clipped": {
            "mean": 36970.643815722266,
            "std": 3909.4386031743334
        }
    },
    "boxcox": {
        "not clipped": {
            "mean": 40843.85163982793,
            "std": 10355.246244092665
        },
        "clipped": {
            "mean": 34063.31357055635,
            "std": 1181.2859110654722
        }
    },
    "standard, boxcox": {
        "not clipped": {
            "mean": 1.8020080545249853e+17,
            "std": 1.628586505288295e+17
        },
        "clipped": {
            "mean": 1.0436674985536186e+17,
            "std": 6.5786715519883544e+16
        }
    },
    "robust, boxcox": {
        "not clipped": {
            "mean": 40843.851639844645,
            "std": 10355.246244080712
        },
        "clipped": {
            "mean": 34063.313570531034,
            "std": 1181.2859110847385
        }
    }
}