{
    "base": {
        "not clipped": {
            "mean": 4.709348964061689,
            "std": 0.39469088614699666
        },
        "clipped": {
            "mean": 4.6998046615742775,
            "std": 0.3828039995321691
        }
    },
    "standard": {
        "not clipped": {
            "mean": 4.709348964061683,
            "std": 0.3946908861469872
        },
        "clipped": {
            "mean": 4.699804661574272,
            "std": 0.3828039995321706
        }
    },
    "robust": {
        "not clipped": {
            "mean": 4.70934896406168,
            "std": 0.3946908861469883
        },
        "clipped": {
            "mean": 4.699804661574273,
            "std": 0.3828039995321715
        }
    },
    "boxcox": {
        "not clipped": {
            "mean": 4.2312668321864715,
            "std": 0.30819117061056145
        },
        "clipped": {
            "mean": 4.253550352586138,
            "std": 0.27391398213446805
        }
    },
    "standard, boxcox": {
        "not clipped": {
            "mean": 4.231266832186479,
            "std": 0.3081911706105468
        },
        "clipped": {
            "mean": 4.253550352586136,
            "std": 0.2739139821344654
        }
    },
    "robust, boxcox": {
        "not clipped": {
            "mean": 4.231266832186479,
            "std": 0.308191170610547
        },
        "clipped": {
            "mean": 4.253550352586136,
            "std": 0.2739139821344654
        }
    }
}