{
    "base": {
        "not clipped": {
            "mean": 0.16227685103892306,
            "std": 0.042597550837761594
        },
        "clipped": {
            "mean": 0.16725197541703252,
            "std": 0.03590178624496993
        }
    },
    "standard": {
        "not clipped": {
            "mean": 0.18195785776997367,
            "std": 0.04463854699989625
        },
        "clipped": {
            "mean": 0.18203102136376945,
            "std": 0.03373087659742676
        }
    },
    "robust": {
        "not clipped": {
            "mean": 0.1672519754170325,
            "std": 0.041490531535961356
        },
        "clipped": {
            "mean": 0.17222709979514195,
            "std": 0.03598414339193124
        }
    },
    "boxcox": {
        "not clipped": {
            "mean": 0.15744805384840507,
            "std": 0.036061265892139
        },
        "clipped": {
            "mean": 0.16235001463271878,
            "std": 0.03530747991006481
        }
    },
    "standard, boxcox": {
        "not clipped": {
            "mean": 0.18203102136376945,
            "std": 0.03373087659742676
        },
        "clipped": {
            "mean": 0.18700614574187888,
            "std": 0.02669498822741139
        }
    },
    "robust, boxcox": {
        "not clipped": {
            "mean": 0.17215393620134622,
            "std": 0.041421321635778184
        },
        "clipped": {
            "mean": 0.1821041849575651,
            "std": 0.029393377060144884
        }
    }
}