{
    "base": {
        "not clipped": {
            "mean": 0.46231569505703174,
            "std": 0.007651175928528809
        },
        "clipped": {
            "mean": 0.46880014508536977,
            "std": 0.00535258278646292
        }
    },
    "standard": {
        "not clipped": {
            "mean": 0.4693683906091224,
            "std": 0.005663630435989857
        },
        "clipped": {
            "mean": 0.4692495602441667,
            "std": 0.0032750825144178737
        }
    },
    "robust": {
        "not clipped": {
            "mean": 0.46502001520875996,
            "std": 0.006026042149300079
        },
        "clipped": {
            "mean": 0.46346739546568694,
            "std": 0.007207130709803588
        }
    },
    "boxcox": {
        "not clipped": {
            "mean": 0.45823637319776395,
            "std": 0.008514470758000183
        },
        "clipped": {
            "mean": 0.4672299858734865,
            "std": 0.005490525912709974
        }
    },
    "standard, boxcox": {
        "not clipped": {
            "mean": 0.4638217371477547,
            "std": 0.004949975797588001
        },
        "clipped": {
            "mean": 0.4671124463364082,
            "std": 0.0055905992416038315
        }
    },
    "robust, boxcox": {
        "not clipped": {
            "mean": 0.45862912149604124,
            "std": 0.009033814285027362
        },
        "clipped": {
            "mean": 0.461840254037919,
            "std": 0.008538517450445053
        }
    }
}